{"cameraMode":{"drawMode":0,"name":"Shaded","section":"Shading Mode"},"sceneLighting":false,"audioPlay":false,"sceneViewState":{"showFog":false,"showMaterialUpdate":false,"showSkybox":false,"showFlares":false,"showImageEffects":false,"showParticleSystems":false},"in2DMode":false,"pivot":{"x":8.430879592895508,"y":10.113117218017579,"z":1.7545247077941895},"rotation":{"x":0.05044165253639221,"y":-0.920109748840332,"z":0.12638351321220399,"w":0.36728736758232119},"size":4.630127429962158,"orthographic":false}