{"cameraMode":{"drawMode":0,"name":"Shaded","section":"Shading Mode"},"sceneLighting":false,"audioPlay":false,"sceneViewState":{"showFog":false,"showMaterialUpdate":false,"showSkybox":false,"showFlares":false,"showImageEffects":false,"showParticleSystems":false},"in2DMode":false,"pivot":{"x":17.177745819091798,"y":8.997884750366211,"z":2.0188798904418947},"rotation":{"x":0.02611147239804268,"y":-0.9720736742019653,"z":0.13203436136245728,"w":0.19229437410831452},"size":5.460082530975342,"orthographic":false}