{"cameraMode":{"drawMode":0,"name":"Shaded","section":"Shading Mode"},"sceneLighting":false,"audioPlay":false,"sceneViewState":{"showFog":false,"showMaterialUpdate":false,"showSkybox":false,"showFlares":false,"showImageEffects":false,"showParticleSystems":false},"in2DMode":false,"pivot":{"x":-21.57784080505371,"y":9.759798049926758,"z":0.8239297866821289},"rotation":{"x":0.033147551119327548,"y":-0.9646576642990112,"z":0.148756742477417,"w":0.21500465273857118},"size":4.330127239227295,"orthographic":false}