{"cameraMode":{"drawMode":0,"name":"Shaded","section":"Shading Mode"},"sceneLighting":false,"audioPlay":false,"sceneViewState":{"showFog":false,"showMaterialUpdate":false,"showSkybox":false,"showFlares":false,"showImageEffects":false,"showParticleSystems":false},"in2DMode":false,"pivot":{"x":-0.1496284008026123,"y":10.421468734741211,"z":0.033283233642578128},"rotation":{"x":0.00810210406780243,"y":-0.9910924434661865,"z":0.11197115480899811,"w":0.07177817076444626},"size":5.196152210235596,"orthographic":false}