{"cameraMode":{"drawMode":0,"name":"Shaded","section":"Shading Mode"},"sceneLighting":false,"audioPlay":false,"sceneViewState":{"showFog":false,"showMaterialUpdate":false,"showSkybox":false,"showFlares":false,"showImageEffects":false,"showParticleSystems":false},"in2DMode":false,"pivot":{"x":-11.638139724731446,"y":8.62716293334961,"z":-0.19802188873291017},"rotation":{"x":0.025405552238225938,"y":-0.9684107899665833,"z":0.11088109761476517,"w":0.22194811701774598},"size":5.196152210235596,"orthographic":false}